id,first_name,last_name,email,gender
1,Conny,Wisam,cwisam0@stumbleupon.com,Male
2,Larisa,Carp,lcarp1@cbc.ca,Female
3,Jakob,Cullagh,jcullagh2@mashable.com,Male
4,Norby,Inott,ninott3@amazon.co.uk,Male
5,Auria,Gronauer,agronauer4@youtube.com,Female
6,Leopold,Stanion,lstanion5@illinois.edu,Male
7,Lena,Halversen,lhalversen6@elegantthemes.com,Female
8,Georgette,Husk,ghusk7@blinklist.com,Female
9,Jennie,Burgiss,jburgiss8@ucla.edu,Female
10,Benni,Peyes,bpeyes9@mediafire.com,Female
